Block Name,MaxDamage,MeshDamage
bathroomStallDoor,1,"   DMG0, 1   "
doorWoodLargeGate,250,"Door/DMG0, 225"
chainlinkGateDoubleWide,2000,"   Door/DMG0, 2000,   Door/DMG1, 500,   Door/DMG2, 250,   "
chainlinkGateDouble,2000,"   Door/DMG0, 2000,   Door/DMG1, 500,   Door/DMG2, 250,   -, 1   "
chainlinkFenceDoor,500,"   Door/DMG0, 500,   Door/DMG1, 150,   "
chainlinkFenceDoorDouble,500,"   Door/DMG0, 500,   Door/DMG1, 150,   "
jailDoorWhite,7000,"   Door/DMG0, 7000,   Door/DMG1, 5000,   Door/DMG2, 2500,   "
jailDoorBrown,7000,"   Door/DMG0, 7000,   Door/DMG1, 5000,   Door/DMG2, 2500,   "
jailDoorYellow,7000,"   Door/DMG0, 7000,   Door/DMG1, 5000,   Door/DMG2, 2500,   "
jailDoorGreen,7000,"   Door/DMG0, 7000,   Door/DMG1, 5000,   Door/DMG2, 2500,   "
jailDoorBlue,7000,"   Door/DMG0, 7000,   Door/DMG1, 5000,   Door/DMG2, 2500,   "
jailDoorGrey,7000,"   Door/DMG0, 7000,   Door/DMG1, 5000,   Door/DMG2, 2500,   "
jailDoorDoubleWhite,7000,"   Door/DMG0, 7000,   Door/DMG1, 5000,   Door/DMG2, 2500,   "
jailDoorDoubleBrown,7000,"   Door/DMG0, 7000,   Door/DMG1, 5000,   Door/DMG2, 2500,   "
jailDoorDoubleYellow,7000,"   Door/DMG0, 7000,   Door/DMG1, 5000,   Door/DMG2, 2500,   "
jailDoorDoubleGreen,7000,"   Door/DMG0, 7000,   Door/DMG1, 5000,   Door/DMG2, 2500,   "
jailDoorDoubleBlue,7000,"   Door/DMG0, 7000,   Door/DMG1, 5000,   Door/DMG2, 2500,   "
jailDoorDoubleGrey,7000,"   Door/DMG0, 7000,   Door/DMG1, 5000,   Door/DMG2, 2500,   "
oldWoodDoor,1000,"   Door/DMG0, 1000,   Door/DMG1, 750,   Door/DMG2, 500,   Door/DMG3, 250,   -, 1   "
oldWoodDoorDouble,1000,"   Door/DMG0, 1000,   Door/DMG1, 750,   Door/DMG2, 500,   Door/DMG3, 250,   -, 1   "
ironDoorWhite,5000,"   Door/DMG0, 5000,   Door/DMG1, 3750,   Door/DMG2, 2500,   Door/DMG3, 1250,   -, 1   "
ironDoorBrown,5000,"   Door/DMG0, 5000,   Door/DMG1, 3750,   Door/DMG2, 2500,   Door/DMG3, 1250,   -, 1   "
ironDoorRed,5000,"   Door/DMG0, 5000,   Door/DMG1, 3750,   Door/DMG2, 2500,   Door/DMG3, 1250,   -, 1   "
ironDoorOrange,5000,"   Door/DMG0, 5000,   Door/DMG1, 3750,   Door/DMG2, 2500,   Door/DMG3, 1250,   -, 1   "
ironDoorYellow,5000,"   Door/DMG0, 5000,   Door/DMG1, 3750,   Door/DMG2, 2500,   Door/DMG3, 1250,   -, 1   "
ironDoorGreen,5000,"   Door/DMG0, 5000,   Door/DMG1, 3750,   Door/DMG2, 2500,   Door/DMG3, 1250,   -, 1   "
ironDoorBlue,5000,"   Door/DMG0, 5000,   Door/DMG1, 3750,   Door/DMG2, 2500,   Door/DMG3, 1250,   -, 1   "
ironDoorPurple,5000,"   Door/DMG0, 5000,   Door/DMG1, 3750,   Door/DMG2, 2500,   Door/DMG3, 1250,   -, 1   "
ironDoorGrey,5000,"   Door/DMG0, 5000,   Door/DMG1, 3750,   Door/DMG2, 2500,   Door/DMG3, 1250,   -, 1   "
ironDoorBlack,5000,"   Door/DMG0, 5000,   Door/DMG1, 3750,   Door/DMG2, 2500,   Door/DMG3, 1250,   -, 1   "
ironDoorPink,5000,"   Door/DMG0, 5000,   Door/DMG1, 3750,   Door/DMG2, 2500,   Door/DMG3, 1250,   -, 1   "
ironDoorArmyGreen,5000,"   Door/DMG0, 5000,   Door/DMG1, 3750,   Door/DMG2, 2500,   Door/DMG3, 1250,   -, 1   "
ironDoorDoubleWhite,5000,"   Door/DMG0, 5000,   Door/DMG1, 3750,   Door/DMG2, 2500,   Door/DMG3, 1250,   -, 1   "
ironDoorDoubleBrown,5000,"   Door/DMG0, 5000,   Door/DMG1, 3750,   Door/DMG2, 2500,   Door/DMG3, 1250,   -, 1   "
ironDoorDoubleRed,5000,"   Door/DMG0, 5000,   Door/DMG1, 3750,   Door/DMG2, 2500,   Door/DMG3, 1250,   -, 1   "
ironDoorDoubleOrange,5000,"   Door/DMG0, 5000,   Door/DMG1, 3750,   Door/DMG2, 2500,   Door/DMG3, 1250,   -, 1   "
ironDoorDoubleYellow,5000,"   Door/DMG0, 5000,   Door/DMG1, 3750,   Door/DMG2, 2500,   Door/DMG3, 1250,   -, 1   "
ironDoorDoubleGreen,5000,"   Door/DMG0, 5000,   Door/DMG1, 3750,   Door/DMG2, 2500,   Door/DMG3, 1250,   -, 1   "
ironDoorDoubleBlue,5000,"   Door/DMG0, 5000,   Door/DMG1, 3750,   Door/DMG2, 2500,   Door/DMG3, 1250,   -, 1   "
ironDoorDoublePurple,5000,"   Door/DMG0, 5000,   Door/DMG1, 3750,   Door/DMG2, 2500,   Door/DMG3, 1250,   -, 1   "
ironDoorDoubleGrey,5000,"   Door/DMG0, 5000,   Door/DMG1, 3750,   Door/DMG2, 2500,   Door/DMG3, 1250,   -, 1   "
ironDoorDoubleBlack,5000,"   Door/DMG0, 5000,   Door/DMG1, 3750,   Door/DMG2, 2500,   Door/DMG3, 1250,   -, 1   "
ironDoorDoublePink,5000,"   Door/DMG0, 5000,   Door/DMG1, 3750,   Door/DMG2, 2500,   Door/DMG3, 1250,   -, 1   "
ironDoorDoubleArmyGreen,5000,"   Door/DMG0, 5000,   Door/DMG1, 3750,   Door/DMG2, 2500,   Door/DMG3, 1250,   -, 1   "
vaultDoor01,15000,"   Door/DMG0, 15000,   Door/DMG1, 10000,   Door/DMG2, 5000,   -, 1   "
vaultDoor01Double,15000,"   Door/DMG0, 15000,   Door/DMG1, 10000,   Door/DMG2, 5000,   -, 1   "
cellarDoorDoubleWood,1000,"   DMG0, 1000,   DMG1, 750,   DMG2, 500,   DMG3, 250,   "
cellarDoorDoubleIron,5000,"   DMG0, 5000,   DMG1, 3750,   DMG2, 2500,   DMG3, 1250,   "
cellarDoorDoubleSteel,15000,"   DMG0, 15000,   DMG1, 11250,   DMG2, 7500,   DMG3, 3750,   "
shuttersWood01,1000,"   DMG0, 1000,   DMG1, 750,   DMG2, 500,   DMG3, 250,   "
shuttersIron01,5000,"   DMG0, 5000,   DMG1, 3750,   DMG2, 2500,   DMG3, 1250,   "
shuttersSteel01,15000,"   DMG0, 15000,   DMG1, 11250,   DMG2, 7500,   DMG3, 3750   "
shuttersWood02,1000,"   DMG0, 1000,   DMG1, 750,   DMG2, 500,   DMG3, 250,   "
shuttersIron02,5000,"   DMG0, 5000,   DMG1, 3750,   DMG2, 2500,   DMG3, 1250,   "
shuttersSteel02,15000,"   DMG0, 15000,   DMG1, 11250,   DMG2, 7500,   DMG3, 3750   "
exteriorHouseDoorWhite,250,"   Door/DMG0, 225,   Door/DMG1, 170,   Door/DMG2, 120,   Door/DMG3, 80,   -, 1   "
exteriorHouseDoorBrown,250,"   Door/DMG0, 225,   Door/DMG1, 170,   Door/DMG2, 120,   Door/DMG3, 80,   -, 1   "
exteriorHouseDoorRed,250,"   Door/DMG0, 225,   Door/DMG1, 170,   Door/DMG2, 120,   Door/DMG3, 80,   -, 1   "
exteriorHouseDoorOrange,250,"   Door/DMG0, 225,   Door/DMG1, 170,   Door/DMG2, 120,   Door/DMG3, 80,   -, 1   "
exteriorHouseDoorYellow,250,"   Door/DMG0, 225,   Door/DMG1, 170,   Door/DMG2, 120,   Door/DMG3, 80,   -, 1   "
exteriorHouseDoorGreen,250,"   Door/DMG0, 225,   Door/DMG1, 170,   Door/DMG2, 120,   Door/DMG3, 80,   -, 1   "
exteriorHouseDoorBlue,250,"   Door/DMG0, 225,   Door/DMG1, 170,   Door/DMG2, 120,   Door/DMG3, 80,   -, 1   "
exteriorHouseDoorPurple,250,"   Door/DMG0, 225,   Door/DMG1, 170,   Door/DMG2, 120,   Door/DMG3, 80,   -, 1   "
exteriorHouseDoorGrey,250,"   Door/DMG0, 225,   Door/DMG1, 170,   Door/DMG2, 120,   Door/DMG3, 80,   -, 1   "
exteriorHouseDoorPink,250,"   Door/DMG0, 225,   Door/DMG1, 170,   Door/DMG2, 120,   Door/DMG3, 80,   -, 1   "
exteriorHouseDoorOak,250,"   Door/DMG0, 225,   Door/DMG1, 170,   Door/DMG2, 120,   Door/DMG3, 80,   -, 1   "
exteriorHouseDoorDoubleWhite,250,"   Door/DMG0, 225,   Door/DMG1, 170,   Door/DMG2, 120,   Door/DMG3, 80,   -, 1   "
exteriorHouseDoorDoubleBrown,250,"   Door/DMG0, 225,   Door/DMG1, 170,   Door/DMG2, 120,   Door/DMG3, 80,   -, 1   "
exteriorHouseDoorDoubleRed,250,"   Door/DMG0, 225,   Door/DMG1, 170,   Door/DMG2, 120,   Door/DMG3, 80,   -, 1   "
exteriorHouseDoorDoubleOrange,250,"   Door/DMG0, 225,   Door/DMG1, 170,   Door/DMG2, 120,   Door/DMG3, 80,   -, 1   "
exteriorHouseDoorDoubleYellow,250,"   Door/DMG0, 225,   Door/DMG1, 170,   Door/DMG2, 120,   Door/DMG3, 80,   -, 1   "
exteriorHouseDoorDoubleGreen,250,"   Door/DMG0, 225,   Door/DMG1, 170,   Door/DMG2, 120,   Door/DMG3, 80,   -, 1   "
exteriorHouseDoorDoubleBlue,250,"   Door/DMG0, 225,   Door/DMG1, 170,   Door/DMG2, 120,   Door/DMG3, 80,   -, 1   "
exteriorHouseDoorDoublePurple,250,"   Door/DMG0, 225,   Door/DMG1, 170,   Door/DMG2, 120,   Door/DMG3, 80,   -, 1   "
exteriorHouseDoorDoubleGrey,250,"   Door/DMG0, 225,   Door/DMG1, 170,   Door/DMG2, 120,   Door/DMG3, 80,   -, 1   "
exteriorHouseDoorDoublePink,250,"   Door/DMG0, 225,   Door/DMG1, 170,   Door/DMG2, 120,   Door/DMG3, 80,   -, 1   "
exteriorHouseDoorDoubleOak,250,"   Door/DMG0, 225,   Door/DMG1, 170,   Door/DMG2, 120,   Door/DMG3, 80,   -, 1   "
exteriorHouseDoorSideLightSingleWhite,250,"   Door/DMG0, 225,   Door/DMG1, 170,   Door/DMG2, 120,   Door/DMG3, 80,   -, 1   "
exteriorHouseDoorSideLightSingleBrown,250,"   Door/DMG0, 225,   Door/DMG1, 170,   Door/DMG2, 120,   Door/DMG3, 80,   -, 1   "
exteriorHouseDoorSideLightSingleRed,250,"   Door/DMG0, 225,   Door/DMG1, 170,   Door/DMG2, 120,   Door/DMG3, 80,   -, 1   "
exteriorHouseDoorSideLightSingleOrange,250,"   Door/DMG0, 225,   Door/DMG1, 170,   Door/DMG2, 120,   Door/DMG3, 80,   -, 1   "
exteriorHouseDoorSideLightSingleYellow,250,"   Door/DMG0, 225,   Door/DMG1, 170,   Door/DMG2, 120,   Door/DMG3, 80,   -, 1   "
exteriorHouseDoorSideLightSingleGreen,250,"   Door/DMG0, 225,   Door/DMG1, 170,   Door/DMG2, 120,   Door/DMG3, 80,   -, 1   "
exteriorHouseDoorSideLightSingleBlue,250,"   Door/DMG0, 225,   Door/DMG1, 170,   Door/DMG2, 120,   Door/DMG3, 80,   -, 1   "
exteriorHouseDoorSideLightSinglePurple,250,"   Door/DMG0, 225,   Door/DMG1, 170,   Door/DMG2, 120,   Door/DMG3, 80,   -, 1   "
exteriorHouseDoorSideLightSingleGrey,250,"   Door/DMG0, 225,   Door/DMG1, 170,   Door/DMG2, 120,   Door/DMG3, 80,   -, 1   "
exteriorHouseDoorSideLightSinglePink,250,"   Door/DMG0, 225,   Door/DMG1, 170,   Door/DMG2, 120,   Door/DMG3, 80,   -, 1   "
exteriorHouseDoorSideLightSingleOak,250,"   Door/DMG0, 225,   Door/DMG1, 170,   Door/DMG2, 120,   Door/DMG3, 80,   -, 1   "
exteriorHouseDoorSideLightWhite,250,"   Door/DMG0, 225,   Door/DMG1, 170,   Door/DMG2, 120,   Door/DMG3, 80,   -, 1   "
exteriorHouseDoorSideLightBrown,250,"   Door/DMG0, 225,   Door/DMG1, 170,   Door/DMG2, 120,   Door/DMG3, 80,   -, 1   "
exteriorHouseDoorSideLightRed,250,"   Door/DMG0, 225,   Door/DMG1, 170,   Door/DMG2, 120,   Door/DMG3, 80,   -, 1   "
exteriorHouseDoorSideLightOrange,250,"   Door/DMG0, 225,   Door/DMG1, 170,   Door/DMG2, 120,   Door/DMG3, 80,   -, 1   "
exteriorHouseDoorSideLightYellow,250,"   Door/DMG0, 225,   Door/DMG1, 170,   Door/DMG2, 120,   Door/DMG3, 80,   -, 1   "
exteriorHouseDoorSideLightGreen,250,"   Door/DMG0, 225,   Door/DMG1, 170,   Door/DMG2, 120,   Door/DMG3, 80,   -, 1   "
exteriorHouseDoorSideLightBlue,250,"   Door/DMG0, 225,   Door/DMG1, 170,   Door/DMG2, 120,   Door/DMG3, 80,   -, 1   "
exteriorHouseDoorSideLightPurple,250,"   Door/DMG0, 225,   Door/DMG1, 170,   Door/DMG2, 120,   Door/DMG3, 80,   -, 1   "
exteriorHouseDoorSideLightGrey,250,"   Door/DMG0, 225,   Door/DMG1, 170,   Door/DMG2, 120,   Door/DMG3, 80,   -, 1   "
exteriorHouseDoorSideLightPink,250,"   Door/DMG0, 225,   Door/DMG1, 170,   Door/DMG2, 120,   Door/DMG3, 80,   -, 1   "
exteriorHouseDoorSideLightOak,250,"   Door/DMG0, 225,   Door/DMG1, 170,   Door/DMG2, 120,   Door/DMG3, 80,   -, 1   "
exteriorHouseDoorOldWhite,250,"   Door/DMG0, 225,   Door/DMG1, 170,   Door/DMG2, 120,   Door/DMG3, 80,   -, 1   "
exteriorHouseDoorOldBrown,250,"   Door/DMG0, 225,   Door/DMG1, 170,   Door/DMG2, 120,   Door/DMG3, 80,   -, 1   "
exteriorHouseDoorOldRed,250,"   Door/DMG0, 225,   Door/DMG1, 170,   Door/DMG2, 120,   Door/DMG3, 80,   -, 1   "
exteriorHouseDoorOldOrange,250,"   Door/DMG0, 225,   Door/DMG1, 170,   Door/DMG2, 120,   Door/DMG3, 80,   -, 1   "
exteriorHouseDoorOldYellow,250,"   Door/DMG0, 225,   Door/DMG1, 170,   Door/DMG2, 120,   Door/DMG3, 80,   -, 1   "
exteriorHouseDoorOldGreen,250,"   Door/DMG0, 225,   Door/DMG1, 170,   Door/DMG2, 120,   Door/DMG3, 80,   -, 1   "
exteriorHouseDoorOldBlue,250,"   Door/DMG0, 225,   Door/DMG1, 170,   Door/DMG2, 120,   Door/DMG3, 80,   -, 1   "
exteriorHouseDoorOldPurple,250,"   Door/DMG0, 225,   Door/DMG1, 170,   Door/DMG2, 120,   Door/DMG3, 80,   -, 1   "
exteriorHouseDoorOldGrey,250,"   Door/DMG0, 225,   Door/DMG1, 170,   Door/DMG2, 120,   Door/DMG3, 80,   -, 1   "
exteriorHouseDoorOldPink,250,"   Door/DMG0, 225,   Door/DMG1, 170,   Door/DMG2, 120,   Door/DMG3, 80,   -, 1   "
exteriorHouseDoorOldOak,250,"   Door/DMG0, 225,   Door/DMG1, 170,   Door/DMG2, 120,   Door/DMG3, 80,   -, 1   "
exteriorHouseDoorDoubleOldWhite,250,"   Door/DMG0, 225,   Door/DMG1, 170,   Door/DMG2, 120,   Door/DMG3, 80,   -, 1   "
exteriorHouseDoorDoubleOldBrown,250,"   Door/DMG0, 225,   Door/DMG1, 170,   Door/DMG2, 120,   Door/DMG3, 80,   -, 1   "
exteriorHouseDoorDoubleOldRed,250,"   Door/DMG0, 225,   Door/DMG1, 170,   Door/DMG2, 120,   Door/DMG3, 80,   -, 1   "
exteriorHouseDoorDoubleOldOrange,250,"   Door/DMG0, 225,   Door/DMG1, 170,   Door/DMG2, 120,   Door/DMG3, 80,   -, 1   "
exteriorHouseDoorDoubleOldYellow,250,"   Door/DMG0, 225,   Door/DMG1, 170,   Door/DMG2, 120,   Door/DMG3, 80,   -, 1   "
exteriorHouseDoorDoubleOldGreen,250,"   Door/DMG0, 225,   Door/DMG1, 170,   Door/DMG2, 120,   Door/DMG3, 80,   -, 1   "
exteriorHouseDoorDoubleOldBlue,250,"   Door/DMG0, 225,   Door/DMG1, 170,   Door/DMG2, 120,   Door/DMG3, 80,   -, 1   "
exteriorHouseDoorDoubleOldPurple,250,"   Door/DMG0, 225,   Door/DMG1, 170,   Door/DMG2, 120,   Door/DMG3, 80,   -, 1   "
exteriorHouseDoorDoubleOldGrey,250,"   Door/DMG0, 225,   Door/DMG1, 170,   Door/DMG2, 120,   Door/DMG3, 80,   -, 1   "
exteriorHouseDoorDoubleOldPink,250,"   Door/DMG0, 225,   Door/DMG1, 170,   Door/DMG2, 120,   Door/DMG3, 80,   -, 1   "
exteriorHouseDoorDoubleOldOak,250,"   Door/DMG0, 225,   Door/DMG1, 170,   Door/DMG2, 120,   Door/DMG3, 80,   -, 1   "
exteriorScreenDoor,100,"   Door/DMG0, 100,   Door/DMG1, 50,   -, 1   "
exteriorScreenDoornNoFrame,100,"   Door/DMG0, 100,   Door/DMG1, 50,   "
houseSlidingDoorWhite,100,"   Door/DMG0, 100,   Door/DMG1, 50,   Door/DMG2, 10,   -, 1   "
houseSlidingDoorBlack,100,"   Door/DMG0, 100,   Door/DMG1, 50,   Door/DMG2, 10,   -, 1   "
frenchDoorWhite,250,"   Door/DMG0, 225,   Door/DMG1, 170,   Door/DMG2, 120,   -, 1   "
frenchDoorBrown,250,"   Door/DMG0, 225,   Door/DMG1, 170,   Door/DMG2, 120,   -, 1   "
frenchDoorRed,250,"   Door/DMG0, 225,   Door/DMG1, 170,   Door/DMG2, 120,   -, 1   "
frenchDoorOrange,250,"   Door/DMG0, 225,   Door/DMG1, 170,   Door/DMG2, 120,   -, 1   "
frenchDoorYellow,250,"   Door/DMG0, 225,   Door/DMG1, 170,   Door/DMG2, 120,   -, 1   "
frenchDoorGreen,250,"   Door/DMG0, 225,   Door/DMG1, 170,   Door/DMG2, 120,   -, 1   "
frenchDoorBlue,250,"   Door/DMG0, 225,   Door/DMG1, 170,   Door/DMG2, 120,   -, 1   "
frenchDoorPurple,250,"   Door/DMG0, 225,   Door/DMG1, 170,   Door/DMG2, 120,   -, 1   "
frenchDoorGrey,250,"   Door/DMG0, 225,   Door/DMG1, 170,   Door/DMG2, 120,   -, 1   "
frenchDoorPink,250,"   Door/DMG0, 225,   Door/DMG1, 170,   Door/DMG2, 120,   -, 1   "
frenchDoorOak,250,"   Door/DMG0, 225,   Door/DMG1, 170,   Door/DMG2, 120,   -, 1   "
frenchDoorDoubleWhite,250,"   Door/DMG0, 225,   Door/DMG1, 170,   Door/DMG2, 120,   -, 1   "
frenchDoorDoubleBrown,250,"   Door/DMG0, 225,   Door/DMG1, 170,   Door/DMG2, 120,   -, 1   "
frenchDoorDoubleRed,250,"   Door/DMG0, 225,   Door/DMG1, 170,   Door/DMG2, 120,   -, 1   "
frenchDoorDoubleOrange,250,"   Door/DMG0, 225,   Door/DMG1, 170,   Door/DMG2, 120,   -, 1   "
frenchDoorDoubleYellow,250,"   Door/DMG0, 225,   Door/DMG1, 170,   Door/DMG2, 120,   -, 1   "
frenchDoorDoubleGreen,250,"   Door/DMG0, 225,   Door/DMG1, 170,   Door/DMG2, 120,   -, 1   "
frenchDoorDoubleBlue,250,"   Door/DMG0, 225,   Door/DMG1, 170,   Door/DMG2, 120,   -, 1   "
frenchDoorDoublePurple,250,"   Door/DMG0, 225,   Door/DMG1, 170,   Door/DMG2, 120,   -, 1   "
frenchDoorDoubleGrey,250,"   Door/DMG0, 225,   Door/DMG1, 170,   Door/DMG2, 120,   -, 1   "
frenchDoorDoublePink,250,"   Door/DMG0, 225,   Door/DMG1, 170,   Door/DMG2, 120,   -, 1   "
frenchDoorDoubleOak,250,"   Door/DMG0, 225,   Door/DMG1, 170,   Door/DMG2, 120,   -, 1   "
interiorHouseDoorWhite,250,"   Door/DMG0, 225,   Door/DMG1, 170,   Door/DMG2, 120,   Door/DMG3, 80,   -, 1   "
interiorHouseDoorBrown,250,"   Door/DMG0, 225,   Door/DMG1, 170,   Door/DMG2, 120,   Door/DMG3, 80,   -, 1   "
interiorHouseDoorRed,250,"   Door/DMG0, 225,   Door/DMG1, 170,   Door/DMG2, 120,   Door/DMG3, 80,   -, 1   "
interiorHouseDoorOrange,250,"   Door/DMG0, 225,   Door/DMG1, 170,   Door/DMG2, 120,   Door/DMG3, 80,   -, 1   "
interiorHouseDoorYellow,250,"   Door/DMG0, 225,   Door/DMG1, 170,   Door/DMG2, 120,   Door/DMG3, 80,   -, 1   "
interiorHouseDoorGreen,250,"   Door/DMG0, 225,   Door/DMG1, 170,   Door/DMG2, 120,   Door/DMG3, 80,   -, 1   "
interiorHouseDoorBlue,250,"   Door/DMG0, 225,   Door/DMG1, 170,   Door/DMG2, 120,   Door/DMG3, 80,   -, 1   "
interiorHouseDoorPurple,250,"   Door/DMG0, 225,   Door/DMG1, 170,   Door/DMG2, 120,   Door/DMG3, 80,   -, 1   "
interiorHouseDoorGrey,250,"   Door/DMG0, 225,   Door/DMG1, 170,   Door/DMG2, 120,   Door/DMG3, 80,   -, 1   "
interiorHouseDoorPink,250,"   Door/DMG0, 225,   Door/DMG1, 170,   Door/DMG2, 120,   Door/DMG3, 80,   -, 1   "
interiorHouseDoorOak,250,"   Door/DMG0, 225,   Door/DMG1, 170,   Door/DMG2, 120,   Door/DMG3, 80,   -, 1   "
interiorHouseDoorDoubleWhite,250,"   Door/DMG0, 225,   Door/DMG1, 170,   Door/DMG2, 120,   Door/DMG3, 80,   -, 1   "
interiorHouseDoorDoubleBrown,250,"   Door/DMG0, 225,   Door/DMG1, 170,   Door/DMG2, 120,   Door/DMG3, 80,   -, 1   "
interiorHouseDoorDoubleRed,250,"   Door/DMG0, 225,   Door/DMG1, 170,   Door/DMG2, 120,   Door/DMG3, 80,   -, 1   "
interiorHouseDoorDoubleOrange,250,"   Door/DMG0, 225,   Door/DMG1, 170,   Door/DMG2, 120,   Door/DMG3, 80,   -, 1   "
interiorHouseDoorDoubleYellow,250,"   Door/DMG0, 225,   Door/DMG1, 170,   Door/DMG2, 120,   Door/DMG3, 80,   -, 1   "
interiorHouseDoorDoubleGreen,250,"   Door/DMG0, 225,   Door/DMG1, 170,   Door/DMG2, 120,   Door/DMG3, 80,   -, 1   "
interiorHouseDoorDoubleBlue,250,"   Door/DMG0, 225,   Door/DMG1, 170,   Door/DMG2, 120,   Door/DMG3, 80,   -, 1   "
interiorHouseDoorDoublePurple,250,"   Door/DMG0, 225,   Door/DMG1, 170,   Door/DMG2, 120,   Door/DMG3, 80,   -, 1   "
interiorHouseDoorDoubleGrey,250,"   Door/DMG0, 225,   Door/DMG1, 170,   Door/DMG2, 120,   Door/DMG3, 80,   -, 1   "
interiorHouseDoorDoublePink,250,"   Door/DMG0, 225,   Door/DMG1, 170,   Door/DMG2, 120,   Door/DMG3, 80,   -, 1   "
interiorHouseDoorDoubleOak,250,"   Door/DMG0, 225,   Door/DMG1, 170,   Door/DMG2, 120,   Door/DMG3, 80,   -, 1   "
interiorDoorOldWhite,250,"   Door/DMG0, 225,   Door/DMG1, 170,   Door/DMG2, 120,   Door/DMG3, 80,   -, 1   "
interiorDoorOldBrown,250,"   Door/DMG0, 225,   Door/DMG1, 170,   Door/DMG2, 120,   Door/DMG3, 80,   -, 1   "
interiorDoorOldRed,250,"   Door/DMG0, 225,   Door/DMG1, 170,   Door/DMG2, 120,   Door/DMG3, 80,   -, 1   "
interiorDoorOldOrange,250,"   Door/DMG0, 225,   Door/DMG1, 170,   Door/DMG2, 120,   Door/DMG3, 80,   -, 1   "
interiorDoorOldYellow,250,"   Door/DMG0, 225,   Door/DMG1, 170,   Door/DMG2, 120,   Door/DMG3, 80,   -, 1   "
interiorDoorOldGreen,250,"   Door/DMG0, 225,   Door/DMG1, 170,   Door/DMG2, 120,   Door/DMG3, 80,   -, 1   "
interiorDoorOldBlue,250,"   Door/DMG0, 225,   Door/DMG1, 170,   Door/DMG2, 120,   Door/DMG3, 80,   -, 1   "
interiorDoorOldPurple,250,"   Door/DMG0, 225,   Door/DMG1, 170,   Door/DMG2, 120,   Door/DMG3, 80,   -, 1   "
interiorDoorOldGrey,250,"   Door/DMG0, 225,   Door/DMG1, 170,   Door/DMG2, 120,   Door/DMG3, 80,   -, 1   "
interiorDoorOldPink,250,"   Door/DMG0, 225,   Door/DMG1, 170,   Door/DMG2, 120,   Door/DMG3, 80,   -, 1   "
interiorDoorOldOak,250,"   Door/DMG0, 225,   Door/DMG1, 170,   Door/DMG2, 120,   Door/DMG3, 80,   -, 1   "
interiorDoorOldDoubleWhite,250,"   Door/DMG0, 225,   Door/DMG1, 170,   Door/DMG2, 120,   Door/DMG3, 80,   -, 1   "
interiorDoorOldDoubleBrown,250,"   Door/DMG0, 225,   Door/DMG1, 170,   Door/DMG2, 120,   Door/DMG3, 80,   -, 1   "
interiorDoorOldDoubleRed,250,"   Door/DMG0, 225,   Door/DMG1, 170,   Door/DMG2, 120,   Door/DMG3, 80,   -, 1   "
interiorDoorOldDoubleOrange,250,"   Door/DMG0, 225,   Door/DMG1, 170,   Door/DMG2, 120,   Door/DMG3, 80,   -, 1   "
interiorDoorOldDoubleYellow,250,"   Door/DMG0, 225,   Door/DMG1, 170,   Door/DMG2, 120,   Door/DMG3, 80,   -, 1   "
interiorDoorOldDoubleGreen,250,"   Door/DMG0, 225,   Door/DMG1, 170,   Door/DMG2, 120,   Door/DMG3, 80,   -, 1   "
interiorDoorOldDoubleBlue,250,"   Door/DMG0, 225,   Door/DMG1, 170,   Door/DMG2, 120,   Door/DMG3, 80,   -, 1   "
interiorDoorOldDoublePurple,250,"   Door/DMG0, 225,   Door/DMG1, 170,   Door/DMG2, 120,   Door/DMG3, 80,   -, 1   "
interiorDoorOldDoubleGrey,250,"   Door/DMG0, 225,   Door/DMG1, 170,   Door/DMG2, 120,   Door/DMG3, 80,   -, 1   "
interiorDoorOldDoublePink,250,"   Door/DMG0, 225,   Door/DMG1, 170,   Door/DMG2, 120,   Door/DMG3, 80,   -, 1   "
interiorDoorOldDoubleOak,250,"   Door/DMG0, 225,   Door/DMG1, 170,   Door/DMG2, 120,   Door/DMG3, 80,   -, 1   "
tallCabinetDoorWhite,1,"   DMG0, 1,   "
tallCabinetDoorBrown,1,"   DMG0, 1,   "
tallCabinetDoorRed,1,"   DMG0, 1,   "
tallCabinetDoorOrange,1,"   DMG0, 1,   "
tallCabinetDoorYellow,1,"   DMG0, 1,   "
tallCabinetDoorGreen,1,"   DMG0, 1,   "
tallCabinetDoorBlue,1,"   DMG0, 1,   "
tallCabinetDoorPurple,1,"   DMG0, 1,   "
tallCabinetDoorGrey,1,"   DMG0, 1,   "
tallCabinetDoorBlack,1,"   DMG0, 1,   "
tallCabinetDoorPink,1,"   DMG0, 1,   "
closetDoorWhite,2,"   Door/DMG0, 2,   -, 1   "
closetDoorBrown,2,"   Door/DMG0, 2,   -, 1   "
closetDoorRed,2,"   Door/DMG0, 2,   -, 1   "
closetDoorOrange,2,"   Door/DMG0, 2,   -, 1   "
closetDoorYellow,2,"   Door/DMG0, 2,   -, 1   "
closetDoorGreen,2,"   Door/DMG0, 2,   -, 1   "
closetDoorBlue,2,"   Door/DMG0, 2,   -, 1   "
closetDoorPurple,2,"   Door/DMG0, 2,   -, 1   "
closetDoorGrey,2,"   Door/DMG0, 2,   -, 1   "
closetDoorPink,2,"   Door/DMG0, 2,   -, 1   "
closetDoorDoubleWhite,2,"   Door/DMG0, 2,   -, 1   "
closetDoorDoubleBrown,2,"   Door/DMG0, 2,   -, 1   "
closetDoorDoubleRed,2,"   Door/DMG0, 2,   -, 1   "
closetDoorDoubleOrange,2,"   Door/DMG0, 2,   -, 1   "
closetDoorDoubleYellow,2,"   Door/DMG0, 2,   -, 1   "
closetDoorDoubleGreen,2,"   Door/DMG0, 2,   -, 1   "
closetDoorDoubleBlue,2,"   Door/DMG0, 2,   -, 1   "
closetDoorDoublePurple,2,"   Door/DMG0, 2,   -, 1   "
closetDoorDoubleGrey,2,"   Door/DMG0, 2,   -, 1   "
closetDoorDoublePink,2,"   Door/DMG0, 2,   -, 1   "
pantryDoorWhite,2,"   Door/DMG0, 2,   -, 1   "
pantryDoorBrown,2,"   Door/DMG0, 2,   -, 1   "
pantryDoorRed,2,"   Door/DMG0, 2,   -, 1   "
pantryDoorOrange,2,"   Door/DMG0, 2,   -, 1   "
pantryDoorYellow,2,"   Door/DMG0, 2,   -, 1   "
pantryDoorGreen,2,"   Door/DMG0, 2,   -, 1   "
pantryDoorBlue,2,"   Door/DMG0, 2,   -, 1   "
pantryDoorPurple,2,"   Door/DMG0, 2,   -, 1   "
pantryDoorGrey,2,"   Door/DMG0, 2,   -, 1   "
pantryDoorPink,2,"   Door/DMG0, 2,   -, 1   "
commercialGlassDoor,100,"   Door/DMG0, 100,   Door/DMG1, 50,   Door/DMG2, 25,   Door/DMG3, 10,   -, 1   "
commercialBulletproofGlassDoor,3250,"   Door/DMG0, 3250,   Door/DMG1, 3000,   Door/DMG2, 2000,   Door/DMG3, 1000,   -, 1   "
commercialGlassDoorDouble,100,"   Door/DMG0, 100,   Door/DMG1, 50,   Door/DMG2, 25,   Door/DMG3, 10,   -, 1   "
commercialBulletproofGlassDoorDouble,3250,"   Door/DMG0, 3250,   Door/DMG1, 3000,   Door/DMG2, 2000,   Door/DMG3, 1000,   -, 1   "
commercialSlidingDoor,100,"   Door/DMG0, 100,   Door/DMG1, 50,   Door/DMG2, 10,   -, 1   "
commercialBulletproofSlidingDoor,3250,"   Door/DMG0, 3250,   Door/DMG1, 2000,   Door/DMG2, 1000,   -, 1   "
commercialDoorV1White,1000,"   Door/DMG0, 1000,   Door/DMG1, 750,   Door/DMG2, 500,   Door/DMG3, 250,   -, 1   "
commercialDoorV1Brown,1000,"   Door/DMG0, 1000,   Door/DMG1, 750,   Door/DMG2, 500,   Door/DMG3, 250,   -, 1   "
commercialDoorV1Red,1000,"   Door/DMG0, 1000,   Door/DMG1, 750,   Door/DMG2, 500,   Door/DMG3, 250,   -, 1   "
commercialDoorV1Orange,1000,"   Door/DMG0, 1000,   Door/DMG1, 750,   Door/DMG2, 500,   Door/DMG3, 250,   -, 1   "
commercialDoorV1Yellow,1000,"   Door/DMG0, 1000,   Door/DMG1, 750,   Door/DMG2, 500,   Door/DMG3, 250,   -, 1   "
commercialDoorV1Green,1000,"   Door/DMG0, 1000,   Door/DMG1, 750,   Door/DMG2, 500,   Door/DMG3, 250,   -, 1   "
commercialDoorV1Blue,1000,"   Door/DMG0, 1000,   Door/DMG1, 750,   Door/DMG2, 500,   Door/DMG3, 250,   -, 1   "
commercialDoorV1Purple,1000,"   Door/DMG0, 1000,   Door/DMG1, 750,   Door/DMG2, 500,   Door/DMG3, 250,   -, 1   "
commercialDoorV1Grey,1000,"   Door/DMG0, 1000,   Door/DMG1, 750,   Door/DMG2, 500,   Door/DMG3, 250,   -, 1   "
commercialDoorV1Pink,1000,"   Door/DMG0, 1000,   Door/DMG1, 750,   Door/DMG2, 500,   Door/DMG3, 250,   -, 1   "
commercialDoorV1Oak,1000,"   Door/DMG0, 1000,   Door/DMG1, 750,   Door/DMG2, 500,   Door/DMG3, 250,   -, 1   "
commercialDoorDoubleV1White,1000,"   Door/DMG0, 1000,   Door/DMG1, 750,   Door/DMG2, 500,   Door/DMG3, 250,   -, 1   "
commercialDoorDoubleV1Brown,1000,"   Door/DMG0, 1000,   Door/DMG1, 750,   Door/DMG2, 500,   Door/DMG3, 250,   -, 1   "
commercialDoorDoubleV1Red,1000,"   Door/DMG0, 1000,   Door/DMG1, 750,   Door/DMG2, 500,   Door/DMG3, 250,   -, 1   "
commercialDoorDoubleV1Orange,1000,"   Door/DMG0, 1000,   Door/DMG1, 750,   Door/DMG2, 500,   Door/DMG3, 250,   -, 1   "
commercialDoorDoubleV1Yellow,1000,"   Door/DMG0, 1000,   Door/DMG1, 750,   Door/DMG2, 500,   Door/DMG3, 250,   -, 1   "
commercialDoorDoubleV1Green,1000,"   Door/DMG0, 1000,   Door/DMG1, 750,   Door/DMG2, 500,   Door/DMG3, 250,   -, 1   "
commercialDoorDoubleV1Blue,1000,"   Door/DMG0, 1000,   Door/DMG1, 750,   Door/DMG2, 500,   Door/DMG3, 250,   -, 1   "
commercialDoorDoubleV1Purple,1000,"   Door/DMG0, 1000,   Door/DMG1, 750,   Door/DMG2, 500,   Door/DMG3, 250,   -, 1   "
commercialDoorDoubleV1Grey,1000,"   Door/DMG0, 1000,   Door/DMG1, 750,   Door/DMG2, 500,   Door/DMG3, 250,   -, 1   "
commercialDoorDoubleV1Pink,1000,"   Door/DMG0, 1000,   Door/DMG1, 750,   Door/DMG2, 500,   Door/DMG3, 250,   -, 1   "
commercialDoorDoubleV1Oak,1000,"   Door/DMG0, 1000,   Door/DMG1, 750,   Door/DMG2, 500,   Door/DMG3, 250,   -, 1   "
commercialDoorV2White,1000,"   Door/DMG0, 1000,   Door/DMG1, 750,   Door/DMG2, 500,   Door/DMG3, 250,   -, 1   "
commercialDoorV2Brown,1000,"   Door/DMG0, 1000,   Door/DMG1, 750,   Door/DMG2, 500,   Door/DMG3, 250,   -, 1   "
commercialDoorV2Red,1000,"   Door/DMG0, 1000,   Door/DMG1, 750,   Door/DMG2, 500,   Door/DMG3, 250,   -, 1   "
commercialDoorV2Orange,1000,"   Door/DMG0, 1000,   Door/DMG1, 750,   Door/DMG2, 500,   Door/DMG3, 250,   -, 1   "
commercialDoorV2Yellow,1000,"   Door/DMG0, 1000,   Door/DMG1, 750,   Door/DMG2, 500,   Door/DMG3, 250,   -, 1   "
commercialDoorV2Green,1000,"   Door/DMG0, 1000,   Door/DMG1, 750,   Door/DMG2, 500,   Door/DMG3, 250,   -, 1   "
commercialDoorV2Blue,1000,"   Door/DMG0, 1000,   Door/DMG1, 750,   Door/DMG2, 500,   Door/DMG3, 250,   -, 1   "
commercialDoorV2Purple,1000,"   Door/DMG0, 1000,   Door/DMG1, 750,   Door/DMG2, 500,   Door/DMG3, 250,   -, 1   "
commercialDoorV2Grey,1000,"   Door/DMG0, 1000,   Door/DMG1, 750,   Door/DMG2, 500,   Door/DMG3, 250,   -, 1   "
commercialDoorV2Pink,1000,"   Door/DMG0, 1000,   Door/DMG1, 750,   Door/DMG2, 500,   Door/DMG3, 250,   -, 1   "
commercialDoorV2Oak,1000,"   Door/DMG0, 1000,   Door/DMG1, 750,   Door/DMG2, 500,   Door/DMG3, 250,   -, 1   "
commercialDoorDoubleV2White,1000,"   Door/DMG0, 1000,   Door/DMG1, 750,   Door/DMG2, 500,   Door/DMG3, 250,   -, 1   "
commercialDoorDoubleV2Brown,1000,"   Door/DMG0, 1000,   Door/DMG1, 750,   Door/DMG2, 500,   Door/DMG3, 250,   -, 1   "
commercialDoorDoubleV2Red,1000,"   Door/DMG0, 1000,   Door/DMG1, 750,   Door/DMG2, 500,   Door/DMG3, 250,   -, 1   "
commercialDoorDoubleV2Orange,1000,"   Door/DMG0, 1000,   Door/DMG1, 750,   Door/DMG2, 500,   Door/DMG3, 250,   -, 1   "
commercialDoorDoubleV2Yellow,1000,"   Door/DMG0, 1000,   Door/DMG1, 750,   Door/DMG2, 500,   Door/DMG3, 250,   -, 1   "
commercialDoorDoubleV2Green,1000,"   Door/DMG0, 1000,   Door/DMG1, 750,   Door/DMG2, 500,   Door/DMG3, 250,   -, 1   "
commercialDoorDoubleV2Blue,1000,"   Door/DMG0, 1000,   Door/DMG1, 750,   Door/DMG2, 500,   Door/DMG3, 250,   -, 1   "
commercialDoorDoubleV2Purple,1000,"   Door/DMG0, 1000,   Door/DMG1, 750,   Door/DMG2, 500,   Door/DMG3, 250,   -, 1   "
commercialDoorDoubleV2Grey,1000,"   Door/DMG0, 1000,   Door/DMG1, 750,   Door/DMG2, 500,   Door/DMG3, 250,   -, 1   "
commercialDoorDoubleV2Pink,1000,"   Door/DMG0, 1000,   Door/DMG1, 750,   Door/DMG2, 500,   Door/DMG3, 250,   -, 1   "
commercialDoorDoubleV2Oak,1000,"   Door/DMG0, 1000,   Door/DMG1, 750,   Door/DMG2, 500,   Door/DMG3, 250,   -, 1   "
commercialDoorV3White,1000,"   Door/DMG0, 1000,   Door/DMG1, 750,   Door/DMG2, 500,   Door/DMG3, 250,   -, 1   "
commercialDoorV3Brown,1000,"   Door/DMG0, 1000,   Door/DMG1, 750,   Door/DMG2, 500,   Door/DMG3, 250,   -, 1   "
commercialDoorV3Red,1000,"   Door/DMG0, 1000,   Door/DMG1, 750,   Door/DMG2, 500,   Door/DMG3, 250,   -, 1   "
commercialDoorV3Orange,1000,"   Door/DMG0, 1000,   Door/DMG1, 750,   Door/DMG2, 500,   Door/DMG3, 250,   -, 1   "
commercialDoorV3Yellow,1000,"   Door/DMG0, 1000,   Door/DMG1, 750,   Door/DMG2, 500,   Door/DMG3, 250,   -, 1   "
commercialDoorV3Green,1000,"   Door/DMG0, 1000,   Door/DMG1, 750,   Door/DMG2, 500,   Door/DMG3, 250,   -, 1   "
commercialDoorV3Blue,1000,"   Door/DMG0, 1000,   Door/DMG1, 750,   Door/DMG2, 500,   Door/DMG3, 250,   -, 1   "
commercialDoorV3Purple,1000,"   Door/DMG0, 1000,   Door/DMG1, 750,   Door/DMG2, 500,   Door/DMG3, 250,   -, 1   "
commercialDoorV3Grey,1000,"   Door/DMG0, 1000,   Door/DMG1, 750,   Door/DMG2, 500,   Door/DMG3, 250,   -, 1   "
commercialDoorV3Pink,1000,"   Door/DMG0, 1000,   Door/DMG1, 750,   Door/DMG2, 500,   Door/DMG3, 250,   -, 1   "
commercialDoorV3Oak,1000,"   Door/DMG0, 1000,   Door/DMG1, 750,   Door/DMG2, 500,   Door/DMG3, 250,   -, 1   "
commercialDoorDoubleV3White,1000,"   Door/DMG0, 1000,   Door/DMG1, 750,   Door/DMG2, 500,   Door/DMG3, 250,   -, 1   "
commercialDoorDoubleV3Brown,1000,"   Door/DMG0, 1000,   Door/DMG1, 750,   Door/DMG2, 500,   Door/DMG3, 250,   -, 1   "
commercialDoorDoubleV3Red,1000,"   Door/DMG0, 1000,   Door/DMG1, 750,   Door/DMG2, 500,   Door/DMG3, 250,   -, 1   "
commercialDoorDoubleV3Orange,1000,"   Door/DMG0, 1000,   Door/DMG1, 750,   Door/DMG2, 500,   Door/DMG3, 250,   -, 1   "
commercialDoorDoubleV3Yellow,1000,"   Door/DMG0, 1000,   Door/DMG1, 750,   Door/DMG2, 500,   Door/DMG3, 250,   -, 1   "
commercialDoorDoubleV3Green,1000,"   Door/DMG0, 1000,   Door/DMG1, 750,   Door/DMG2, 500,   Door/DMG3, 250,   -, 1   "
commercialDoorDoubleV3Blue,1000,"   Door/DMG0, 1000,   Door/DMG1, 750,   Door/DMG2, 500,   Door/DMG3, 250,   -, 1   "
commercialDoorDoubleV3Purple,1000,"   Door/DMG0, 1000,   Door/DMG1, 750,   Door/DMG2, 500,   Door/DMG3, 250,   -, 1   "
commercialDoorDoubleV3Grey,1000,"   Door/DMG0, 1000,   Door/DMG1, 750,   Door/DMG2, 500,   Door/DMG3, 250,   -, 1   "
commercialDoorDoubleV3Pink,1000,"   Door/DMG0, 1000,   Door/DMG1, 750,   Door/DMG2, 500,   Door/DMG3, 250,   -, 1   "
commercialDoorDoubleV3Oak,1000,"   Door/DMG0, 1000,   Door/DMG1, 750,   Door/DMG2, 500,   Door/DMG3, 250,   -, 1   "
commercialDoorV4White,1000,"   Door/DMG0, 1000,   Door/DMG1, 750,   Door/DMG2, 500,   Door/DMG3, 250,   -, 1   "
commercialDoorV4Brown,1000,"   Door/DMG0, 1000,   Door/DMG1, 750,   Door/DMG2, 500,   Door/DMG3, 250,   -, 1   "
commercialDoorV4Red,1000,"   Door/DMG0, 1000,   Door/DMG1, 750,   Door/DMG2, 500,   Door/DMG3, 250,   -, 1   "
commercialDoorV4Orange,1000,"   Door/DMG0, 1000,   Door/DMG1, 750,   Door/DMG2, 500,   Door/DMG3, 250,   -, 1   "
commercialDoorV4Yellow,1000,"   Door/DMG0, 1000,   Door/DMG1, 750,   Door/DMG2, 500,   Door/DMG3, 250,   -, 1   "
commercialDoorV4Green,1000,"   Door/DMG0, 1000,   Door/DMG1, 750,   Door/DMG2, 500,   Door/DMG3, 250,   -, 1   "
commercialDoorV4Blue,1000,"   Door/DMG0, 1000,   Door/DMG1, 750,   Door/DMG2, 500,   Door/DMG3, 250,   -, 1   "
commercialDoorV4Purple,1000,"   Door/DMG0, 1000,   Door/DMG1, 750,   Door/DMG2, 500,   Door/DMG3, 250,   -, 1   "
commercialDoorV4Grey,1000,"   Door/DMG0, 1000,   Door/DMG1, 750,   Door/DMG2, 500,   Door/DMG3, 250,   -, 1   "
commercialDoorV4Pink,1000,"   Door/DMG0, 1000,   Door/DMG1, 750,   Door/DMG2, 500,   Door/DMG3, 250,   -, 1   "
commercialDoorV4Oak,1000,"   Door/DMG0, 1000,   Door/DMG1, 750,   Door/DMG2, 500,   Door/DMG3, 250,   -, 1   "
commercialDoorDoubleV4White,1000,"   Door/DMG0, 1000,   Door/DMG1, 750,   Door/DMG2, 500,   Door/DMG3, 250,   -, 1   "
commercialDoorDoubleV4Brown,1000,"   Door/DMG0, 1000,   Door/DMG1, 750,   Door/DMG2, 500,   Door/DMG3, 250,   -, 1   "
commercialDoorDoubleV4Red,1000,"   Door/DMG0, 1000,   Door/DMG1, 750,   Door/DMG2, 500,   Door/DMG3, 250,   -, 1   "
commercialDoorDoubleV4Orange,1000,"   Door/DMG0, 1000,   Door/DMG1, 750,   Door/DMG2, 500,   Door/DMG3, 250,   -, 1   "
commercialDoorDoubleV4Yellow,1000,"   Door/DMG0, 1000,   Door/DMG1, 750,   Door/DMG2, 500,   Door/DMG3, 250,   -, 1   "
commercialDoorDoubleV4Green,1000,"   Door/DMG0, 1000,   Door/DMG1, 750,   Door/DMG2, 500,   Door/DMG3, 250,   -, 1   "
commercialDoorDoubleV4Blue,1000,"   Door/DMG0, 1000,   Door/DMG1, 750,   Door/DMG2, 500,   Door/DMG3, 250,   -, 1   "
commercialDoorDoubleV4Purple,1000,"   Door/DMG0, 1000,   Door/DMG1, 750,   Door/DMG2, 500,   Door/DMG3, 250,   -, 1   "
commercialDoorDoubleV4Grey,1000,"   Door/DMG0, 1000,   Door/DMG1, 750,   Door/DMG2, 500,   Door/DMG3, 250,   -, 1   "
commercialDoorDoubleV4Pink,1000,"   Door/DMG0, 1000,   Door/DMG1, 750,   Door/DMG2, 500,   Door/DMG3, 250,   -, 1   "
commercialDoorDoubleV4Oak,1000,"   Door/DMG0, 1000,   Door/DMG1, 750,   Door/DMG2, 500,   Door/DMG3, 250,   -, 1   "
elevatorDoor,10000,"   Door/DMG0, 10000"
elevatorDoorDouble,10000,"   Door/DMG0, 10000"
elevatorDoorTenthBlock,10000,"   Door/DMG0, 10000"
trailerDoorWhite,300,"   Door/DMG0, 300   "
trailerDoorBrown,300,"   Door/DMG0, 300   "
trailerDoorRed,300,"   Door/DMG0, 300   "
trailerDoorOrange,300,"   Door/DMG0, 300   "
trailerDoorYellow,300,"   Door/DMG0, 300   "
trailerDoorGreen,300,"   Door/DMG0, 300   "
trailerDoorBlue,300,"   Door/DMG0, 300   "
trailerDoorPurple,300,"   Door/DMG0, 300   "
trailerDoorGrey,300,"   Door/DMG0, 300   "
trailerDoorBlack,300,"   Door/DMG0, 300   "
trailerDoorPink,300,"   Door/DMG0, 300   "
trailerDoorArmyGreen,300,"   Door/DMG0, 300   "
woodenFenceDoorWhite,250,"   Door/DMG0, 225,   Door/DMG1, 170   "
woodenFenceDoorBrown,250,"   Door/DMG0, 225,   Door/DMG1, 170   "
woodenFenceDoorRed,250,"   Door/DMG0, 225,   Door/DMG1, 170   "
woodenFenceDoorOrange,250,"   Door/DMG0, 225,   Door/DMG1, 170   "
woodenFenceDoorYellow,250,"   Door/DMG0, 225,   Door/DMG1, 170   "
woodenFenceDoorGreen,250,"   Door/DMG0, 225,   Door/DMG1, 170   "
woodenFenceDoorBlue,250,"   Door/DMG0, 225,   Door/DMG1, 170   "
woodenFenceDoorPurple,250,"   Door/DMG0, 225,   Door/DMG1, 170   "
woodenFenceDoorGrey,250,"   Door/DMG0, 225,   Door/DMG1, 170   "
woodenFenceDoorPink,250,"   Door/DMG0, 225,   Door/DMG1, 170   "
ironGarageDoorWhite,10000,"   Door/DMG0, 10000,   Door/DMG1, 7500,   Door/DMG2, 5000,   Door/DMG3, 2500,   "
ironGarageDoorBrown,10000,"   Door/DMG0, 10000,   Door/DMG1, 7500,   Door/DMG2, 5000,   Door/DMG3, 2500,   "
ironGarageDoorRed,10000,"   Door/DMG0, 10000,   Door/DMG1, 7500,   Door/DMG2, 5000,   Door/DMG3, 2500,   "
ironGarageDoorOrange,10000,"   Door/DMG0, 10000,   Door/DMG1, 7500,   Door/DMG2, 5000,   Door/DMG3, 2500,   "
ironGarageDoorYellow,10000,"   Door/DMG0, 10000,   Door/DMG1, 7500,   Door/DMG2, 5000,   Door/DMG3, 2500,   "
ironGarageDoorGreen,10000,"   Door/DMG0, 10000,   Door/DMG1, 7500,   Door/DMG2, 5000,   Door/DMG3, 2500,   "
ironGarageDoorBlue,10000,"   Door/DMG0, 10000,   Door/DMG1, 7500,   Door/DMG2, 5000,   Door/DMG3, 2500,   "
ironGarageDoorPurple,10000,"   Door/DMG0, 10000,   Door/DMG1, 7500,   Door/DMG2, 5000,   Door/DMG3, 2500,   "
ironGarageDoorGrey,10000,"   Door/DMG0, 10000,   Door/DMG1, 7500,   Door/DMG2, 5000,   Door/DMG3, 2500,   "
ironGarageDoorBlack,10000,"   Door/DMG0, 10000,   Door/DMG1, 7500,   Door/DMG2, 5000,   Door/DMG3, 2500,   "
ironGarageDoorPink,10000,"   Door/DMG0, 10000,   Door/DMG1, 7500,   Door/DMG2, 5000,   Door/DMG3, 2500,   "
ironGarageDoorArmyGreen,10000,"   Door/DMG0, 10000,   Door/DMG1, 7500,   Door/DMG2, 5000,   Door/DMG3, 2500,   "
woodenGarageDoor3x3White,7500,"   Door/DMG0, 7500,   Door/DMG1, 5000,   Door/DMG2, 2500,   "
woodenGarageDoor3x3Brown,7500,"   Door/DMG0, 7500,   Door/DMG1, 5000,   Door/DMG2, 2500,   "
woodenGarageDoor3x3Red,7500,"   Door/DMG0, 7500,   Door/DMG1, 5000,   Door/DMG2, 2500,   "
woodenGarageDoor3x3Orange,7500,"   Door/DMG0, 7500,   Door/DMG1, 5000,   Door/DMG2, 2500,   "
woodenGarageDoor3x3Yellow,7500,"   Door/DMG0, 7500,   Door/DMG1, 5000,   Door/DMG2, 2500,   "
woodenGarageDoor3x3Green,7500,"   Door/DMG0, 7500,   Door/DMG1, 5000,   Door/DMG2, 2500,   "
woodenGarageDoor3x3Blue,7500,"   Door/DMG0, 7500,   Door/DMG1, 5000,   Door/DMG2, 2500,   "
woodenGarageDoor3x3Grey,7500,"   Door/DMG0, 7500,   Door/DMG1, 5000,   Door/DMG2, 2500,   "
woodenGarageDoor3x3Oak,7500,"   Door/DMG0, 7500,   Door/DMG1, 5000,   Door/DMG2, 2500,   "
woodenGarageDoor4x3White,7500,"   Door/DMG0, 7500,   Door/DMG1, 5000,   Door/DMG2, 2500,   "
woodenGarageDoor4x3Brown,7500,"   Door/DMG0, 7500,   Door/DMG1, 5000,   Door/DMG2, 2500,   "
woodenGarageDoor4x3Red,7500,"   Door/DMG0, 7500,   Door/DMG1, 5000,   Door/DMG2, 2500,   "
woodenGarageDoor4x3Orange,7500,"   Door/DMG0, 7500,   Door/DMG1, 5000,   Door/DMG2, 2500,   "
woodenGarageDoor4x3Yellow,7500,"   Door/DMG0, 7500,   Door/DMG1, 5000,   Door/DMG2, 2500,   "
woodenGarageDoor4x3Green,7500,"   Door/DMG0, 7500,   Door/DMG1, 5000,   Door/DMG2, 2500,   "
woodenGarageDoor4x3Blue,7500,"   Door/DMG0, 7500,   Door/DMG1, 5000,   Door/DMG2, 2500,   "
woodenGarageDoor4x3Grey,7500,"   Door/DMG0, 7500,   Door/DMG1, 5000,   Door/DMG2, 2500,   "
woodenGarageDoor4x3Oak,7500,"   Door/DMG0, 7500,   Door/DMG1, 5000,   Door/DMG2, 2500,   "
woodenGarageDoor5x3White,7500,"   Door/DMG0, 7500,   Door/DMG1, 5000,   Door/DMG2, 2500,   "
woodenGarageDoor5x3Brown,7500,"   Door/DMG0, 7500,   Door/DMG1, 5000,   Door/DMG2, 2500,   "
woodenGarageDoor5x3Red,7500,"   Door/DMG0, 7500,   Door/DMG1, 5000,   Door/DMG2, 2500,   "
woodenGarageDoor5x3Orange,7500,"   Door/DMG0, 7500,   Door/DMG1, 5000,   Door/DMG2, 2500,   "
woodenGarageDoor5x3Yellow,7500,"   Door/DMG0, 7500,   Door/DMG1, 5000,   Door/DMG2, 2500,   "
woodenGarageDoor5x3Green,7500,"   Door/DMG0, 7500,   Door/DMG1, 5000,   Door/DMG2, 2500,   "
woodenGarageDoor5x3Blue,7500,"   Door/DMG0, 7500,   Door/DMG1, 5000,   Door/DMG2, 2500,   "
woodenGarageDoor5x3Grey,7500,"   Door/DMG0, 7500,   Door/DMG1, 5000,   Door/DMG2, 2500,   "
woodenGarageDoor5x3Oak,7500,"   Door/DMG0, 7500,   Door/DMG1, 5000,   Door/DMG2, 2500,   "
steelGarageDoor3x3White,30000,"   Door/DMG0, 30000,   Door/DMG1, 20000,   Door/DMG2, 10000,   "
steelGarageDoor3x3Brown,30000,"   Door/DMG0, 30000,   Door/DMG1, 20000,   Door/DMG2, 10000,   "
steelGarageDoor3x3Red,30000,"   Door/DMG0, 30000,   Door/DMG1, 20000,   Door/DMG2, 10000,   "
steelGarageDoor3x3Orange,30000,"   Door/DMG0, 30000,   Door/DMG1, 20000,   Door/DMG2, 10000,   "
steelGarageDoor3x3Yellow,30000,"   Door/DMG0, 30000,   Door/DMG1, 20000,   Door/DMG2, 10000,   "
steelGarageDoor3x3Green,30000,"   Door/DMG0, 30000,   Door/DMG1, 20000,   Door/DMG2, 10000,   "
steelGarageDoor3x3Blue,30000,"   Door/DMG0, 30000,   Door/DMG1, 20000,   Door/DMG2, 10000,   "
steelGarageDoor3x3Grey,30000,"   Door/DMG0, 30000,   Door/DMG1, 20000,   Door/DMG2, 10000,   "
steelGarageDoor3x3Black,30000,"   Door/DMG0, 30000,   Door/DMG1, 20000,   Door/DMG2, 10000,   "
steelGarageDoor3x3ArmyGreen,30000,"   Door/DMG0, 30000,   Door/DMG1, 20000,   Door/DMG2, 10000,   "
steelGarageDoor4x3White,30000,"   Door/DMG0, 30000,   Door/DMG1, 20000,   Door/DMG2, 10000,   "
steelGarageDoor4x3Brown,30000,"   Door/DMG0, 30000,   Door/DMG1, 20000,   Door/DMG2, 10000,   "
steelGarageDoor4x3Red,30000,"   Door/DMG0, 30000,   Door/DMG1, 20000,   Door/DMG2, 10000,   "
steelGarageDoor4x3Orange,30000,"   Door/DMG0, 30000,   Door/DMG1, 20000,   Door/DMG2, 10000,   "
steelGarageDoor4x3Yellow,30000,"   Door/DMG0, 30000,   Door/DMG1, 20000,   Door/DMG2, 10000,   "
steelGarageDoor4x3Green,30000,"   Door/DMG0, 30000,   Door/DMG1, 20000,   Door/DMG2, 10000,   "
steelGarageDoor4x3Blue,30000,"   Door/DMG0, 30000,   Door/DMG1, 20000,   Door/DMG2, 10000,   "
steelGarageDoor4x3Grey,30000,"   Door/DMG0, 30000,   Door/DMG1, 20000,   Door/DMG2, 10000,   "
steelGarageDoor4x3Black,30000,"   Door/DMG0, 30000,   Door/DMG1, 20000,   Door/DMG2, 10000,   "
steelGarageDoor4x3ArmyGreen,30000,"   Door/DMG0, 30000,   Door/DMG1, 20000,   Door/DMG2, 10000,   "
steelGarageDoor5x3White,30000,"   Door/DMG0, 30000,   Door/DMG1, 20000,   Door/DMG2, 10000,   "
steelGarageDoor5x3Brown,30000,"   Door/DMG0, 30000,   Door/DMG1, 20000,   Door/DMG2, 10000,   "
steelGarageDoor5x3Red,30000,"   Door/DMG0, 30000,   Door/DMG1, 20000,   Door/DMG2, 10000,   "
steelGarageDoor5x3Orange,30000,"   Door/DMG0, 30000,   Door/DMG1, 20000,   Door/DMG2, 10000,   "
steelGarageDoor5x3Yellow,30000,"   Door/DMG0, 30000,   Door/DMG1, 20000,   Door/DMG2, 10000,   "
steelGarageDoor5x3Green,30000,"   Door/DMG0, 30000,   Door/DMG1, 20000,   Door/DMG2, 10000,   "
steelGarageDoor5x3Blue,30000,"   Door/DMG0, 30000,   Door/DMG1, 20000,   Door/DMG2, 10000,   "
steelGarageDoor5x3Grey,30000,"   Door/DMG0, 30000,   Door/DMG1, 20000,   Door/DMG2, 10000,   "
steelGarageDoor5x3Black,30000,"   Door/DMG0, 30000,   Door/DMG1, 20000,   Door/DMG2, 10000,   "
steelGarageDoor5x3ArmyGreen,30000,"   Door/DMG0, 30000,   Door/DMG1, 20000,   Door/DMG2, 10000,   "
rollUpGate3x3White,30000,"   DMG0, 30000,   DMG1, 20000,   DMG2, 10000   "
rollUpGate4x3White,30000,"   DMG0, 30000,   DMG1, 20000,   DMG2, 10000   "
rollUpGate4x3DiagonalWhite,30000,"   Root/DMG0, 30000,   Root/DMG1, 20000,   Root/DMG2, 10000   "
rollUpGate5x3White,30000,"   DMG0, 30000,   DMG1, 20000,   DMG2, 10000   "
rollUpDoor3x3White,15000,"   DMG0, 15000,   DMG1, 10000,   DMG2, 5000   "
rollUpDoor3x3Brown,15000,"   DMG0, 15000,   DMG1, 10000,   DMG2, 5000   "
rollUpDoor3x3Red,15000,"   DMG0, 15000,   DMG1, 10000,   DMG2, 5000   "
rollUpDoor3x3Orange,15000,"   DMG0, 15000,   DMG1, 10000,   DMG2, 5000   "
rollUpDoor3x3Yellow,15000,"   DMG0, 15000,   DMG1, 10000,   DMG2, 5000   "
rollUpDoor3x3Green,15000,"   DMG0, 15000,   DMG1, 10000,   DMG2, 5000   "
rollUpDoor3x3Blue,15000,"   DMG0, 15000,   DMG1, 10000,   DMG2, 5000   "
rollUpDoor3x3Purple,15000,"   DMG0, 15000,   DMG1, 10000,   DMG2, 5000   "
rollUpDoor3x3Grey,15000,"   DMG0, 15000,   DMG1, 10000,   DMG2, 5000   "
rollUpDoor3x3Black,15000,"   DMG0, 15000,   DMG1, 10000,   DMG2, 5000   "
rollUpDoor3x3Pink,15000,"   DMG0, 15000,   DMG1, 10000,   DMG2, 5000   "
rollUpDoor5x4White,15000,"   DMG0, 15000,   DMG1, 10000,   DMG2, 5000   "
rollUpDoor5x4Brown,15000,"   DMG0, 15000,   DMG1, 10000,   DMG2, 5000   "
rollUpDoor5x4Red,15000,"   DMG0, 15000,   DMG1, 10000,   DMG2, 5000   "
rollUpDoor5x4Orange,15000,"   DMG0, 15000,   DMG1, 10000,   DMG2, 5000   "
rollUpDoor5x4Yellow,15000,"   DMG0, 15000,   DMG1, 10000,   DMG2, 5000   "
rollUpDoor5x4Green,15000,"   DMG0, 15000,   DMG1, 10000,   DMG2, 5000   "
rollUpDoor5x4Blue,15000,"   DMG0, 15000,   DMG1, 10000,   DMG2, 5000   "
rollUpDoor5x4Purple,15000,"   DMG0, 15000,   DMG1, 10000,   DMG2, 5000   "
rollUpDoor5x4Grey,15000,"   DMG0, 15000,   DMG1, 10000,   DMG2, 5000   "
rollUpDoor5x4Black,15000,"   DMG0, 15000,   DMG1, 10000,   DMG2, 5000   "
rollUpDoor5x4Pink,15000,"   DMG0, 15000,   DMG1, 10000,   DMG2, 5000   "
rollUpDoor7x4White,15000,"   DMG0, 15000,   DMG1, 10000,   DMG2, 5000   "
rollUpDoor7x4Brown,15000,"   DMG0, 15000,   DMG1, 10000,   DMG2, 5000   "
rollUpDoor7x4Red,15000,"   DMG0, 15000,   DMG1, 10000,   DMG2, 5000   "
rollUpDoor7x4Orange,15000,"   DMG0, 15000,   DMG1, 10000,   DMG2, 5000   "
rollUpDoor7x4Yellow,15000,"   DMG0, 15000,   DMG1, 10000,   DMG2, 5000   "
rollUpDoor7x4Green,15000,"   DMG0, 15000,   DMG1, 10000,   DMG2, 5000   "
rollUpDoor7x4Blue,15000,"   DMG0, 15000,   DMG1, 10000,   DMG2, 5000   "
rollUpDoor7x4Purple,15000,"   DMG0, 15000,   DMG1, 10000,   DMG2, 5000   "
rollUpDoor7x4Grey,15000,"   DMG0, 15000,   DMG1, 10000,   DMG2, 5000   "
rollUpDoor7x4Black,15000,"   DMG0, 15000,   DMG1, 10000,   DMG2, 5000   "
rollUpDoor7x4Pink,15000,"   DMG0, 15000,   DMG1, 10000,   DMG2, 5000   "
woodHatch,750,"   Door/DMG0, 750,   Door/DMG1, 450,   -, 1   "
ironHatchWhite,3000,"   Door/DMG0, 3000,   Door/DMG1, 1500,   -, 1   "
ironHatchBrown,3000,"   Door/DMG0, 3000,   Door/DMG1, 1500,   -, 1   "
ironHatchRed,3000,"   Door/DMG0, 3000,   Door/DMG1, 1500,   -, 1   "
ironHatchOrange,3000,"   Door/DMG0, 3000,   Door/DMG1, 1500,   -, 1   "
ironHatchYellow,3000,"   Door/DMG0, 3000,   Door/DMG1, 1500,   -, 1   "
ironHatchGreen,3000,"   Door/DMG0, 3000,   Door/DMG1, 1500,   -, 1   "
ironHatchBlue,3000,"   Door/DMG0, 3000,   Door/DMG1, 1500,   -, 1   "
ironHatchPurple,3000,"   Door/DMG0, 3000,   Door/DMG1, 1500,   -, 1   "
ironHatchGrey,3000,"   Door/DMG0, 3000,   Door/DMG1, 1500,   -, 1   "
ironHatchBlack,3000,"   Door/DMG0, 3000,   Door/DMG1, 1500,   -, 1   "
ironHatchPink,3000,"   Door/DMG0, 3000,   Door/DMG1, 1500,   -, 1   "
vaultHatch01,21000,"   Door/DMG0, 21000,   -, 1   "
manholeHatch,,
cntArmoireDoorsWhite,1,"   DMG0, 1,   "
cntArmoireDoorsBrown,1,"   DMG0, 1,   "
cntArmoireDoorsRed,1,"   DMG0, 1,   "
cntArmoireDoorsOrange,1,"   DMG0, 1,   "
cntArmoireDoorsYellow,1,"   DMG0, 1,   "
cntArmoireDoorsGreen,1,"   DMG0, 1,   "
cntArmoireDoorsBlue,1,"   DMG0, 1,   "
cntArmoireDoorsPurple,1,"   DMG0, 1,   "
cntArmoireDoorsGrey,1,"   DMG0, 1,   "
cntArmoireDoorsBlack,1,"   DMG0, 1,   "
cntArmoireDoorsPink,1,"   DMG0, 1,   "
portaPottyWhite,,
portaPottyBrown,,
portaPottyRed,,
portaPottyOrange,,
portaPottyYellow,,
portaPottyGreen,,
portaPottyBlue,,
portaPottyPurple,,
portaPottyGrey,,
portaPottyPink,,
portaPottyDamagedWhite,,
portaPottyDamagedBrown,,
portaPottyDamagedRed,,
portaPottyDamagedOrange,,
portaPottyDamagedYellow,,
portaPottyDamagedGreen,,
portaPottyDamagedBlue,,
portaPottyDamagedPurple,,
portaPottyDamagedGrey,,
portaPottyDamagedPink,,
portaPottyDoorWhite,2,"   Door/DMG0, 2,   -, 1   "
portaPottyDoorBrown,2,"   Door/DMG0, 2,   -, 1   "
portaPottyDoorRed,2,"   Door/DMG0, 2,   -, 1   "
portaPottyDoorOrange,2,"   Door/DMG0, 2,   -, 1   "
portaPottyDoorYellow,2,"   Door/DMG0, 2,   -, 1   "
portaPottyDoorGreen,2,"   Door/DMG0, 2,   -, 1   "
portaPottyDoorBlue,2,"   Door/DMG0, 2,   -, 1   "
portaPottyDoorPurple,2,"   Door/DMG0, 2,   -, 1   "
portaPottyDoorGrey,2,"   Door/DMG0, 2,   -, 1   "
portaPottyDoorPink,2,"   Door/DMG0, 2,   -, 1   "
elevatorTest,,"Platform, 99999"
